{"schemaVersion":"1.0","appDefinitionTemplate":{"id":"/providers/Microsoft.PowerApps/apps/","type":"Microsoft.PowerApps/apps","tags":{"primaryDeviceWidth":"1366","primaryDeviceHeight":"768","supportsPortrait":"true","supportsLandscape":"true","primaryFormFactor":"Tablet","showStatusBar":"false","publisherVersion":"3.25023.6","minimumRequiredApiVersion":"2.2.0","hasComponent":"false","hasUnlockedComponent":"false","isUnifiedRootApp":"false","sienaVersion":"20250228T094723Z-3.25023.6.0"},"properties":{"appVersion":"2025-02-28T09:47:23Z","lifeCycleId":"Published","createdByClientVersion":{"major":3,"minor":25023,"build":6,"revision":0,"majorRevision":0,"minorRevision":0},"minClientVersion":{"major":3,"minor":25023,"build":6,"revision":0,"majorRevision":0,"minorRevision":0},"backgroundColor":"RGBA(0,176,240,1)","backgroundImageUri":"/13408222803160105479/N76ef2567-87d9-469b-91f9-02bf5cf10027-logoSmallFile","displayName":"Safeguard","description":"","commitMessage":"","appUris":{"documentUri":{"value":"/13408222803160105479/N0ceb2021-1942-470d-bac9-17306795ceb9-document.msapp"},"imageUris":[],"additionalUris":[{"isSolutionAware":false,"value":"/13408222803160105479/N68a7cca0-9be5-4d4b-8a7a-232c54864a15-identity.json"}]},"createdTime":"0001-01-01T00:00:00Z","lastModifiedTime":"0001-01-01T00:00:00Z","sharedGroupsCount":0,"sharedUsersCount":0,"connectionReferences":{"3018fd52-c43a-4bd0-8037-e9c9b24b937d":{"id":"44bf9bfa-e584-4af7-9fb4-c5b95d8e6ecd","displayName":"Spatial Services","iconUri":"https://conn-afd-prod-endpoint-bmc9bqahasf3grgk.b01.azurefd.net/u/laborbol/partial-builds/1711/1.0.1711.3876/microsoftspatialservices/icon.png","dataSources":["SpatialServices"],"dependencies":[],"dependents":[],"parameterHints":{},"parameterHintsV2":{},"isOnPremiseConnection":false,"bypassConsent":false,"dataSets":{},"apiTier":"Premium","isCustomApiConnection":false}},"databaseReferences":{},"almMode":"Environment","performanceOptimizationEnabled":true,"canConsumeAppPass":false,"enableModernRuntimeMode":false,"executionRestrictions":{"isTeamsOnly":false,"dataLossPreventionEvaluationResult":{"status":"Compliant","lastEvaluationDate":"2025-02-28T09:47:26.0246257Z","violations":[],"violationsByPolicy":[],"violationErrorMessage":"The app uses the following connectors: shared_microsoftspatialservices."}}},"isAppComponentLibrary":false,"appType":"ClassicCanvasApp","appComponents":[]}}